{"cameraMode":{"drawMode":0,"name":"Shaded","section":"Shading Mode"},"sceneLighting":true,"audioPlay":false,"sceneViewState":{"showFog":true,"showMaterialUpdate":false,"showSkybox":true,"showFlares":true,"showImageEffects":true,"showParticleSystems":true,"showVisualEffectGraphs":true,"m_FxEnabled":true},"in2DMode":false,"pivot":{"x":0.7699999809265137,"y":0.2500000298023224,"z":4.090000152587891},"rotation":{"x":-0.05984501168131828,"y":0.6009904146194458,"z":-0.04509797319769859,"w":-0.7958175539970398},"size":0.8053244948387146,"orthographic":true}