{"cameraMode":{"drawMode":0,"name":"Shaded","section":"Shading Mode"},"sceneLighting":false,"audioPlay":false,"sceneViewState":{"showFog":true,"showMaterialUpdate":false,"showSkybox":false,"showFlares":true,"showImageEffects":true,"showParticleSystems":true,"showVisualEffectGraphs":true,"m_FxEnabled":true},"in2DMode":false,"pivot":{"x":2.384185791015625e-7,"y":-2.384185791015625e-7,"z":-0.0000021457672119140627},"rotation":{"x":0.051644593477249148,"y":0.7348663806915283,"z":-0.05634088069200516,"w":0.6739606261253357},"size":3.9093353748321535,"orthographic":true}