{"cameraMode":{"drawMode":0,"name":"Shaded","section":"Shading Mode"},"sceneLighting":false,"audioPlay":false,"sceneViewState":{"showFog":true,"showMaterialUpdate":false,"showSkybox":false,"showFlares":true,"showImageEffects":true,"showParticleSystems":true,"showVisualEffectGraphs":true,"m_FxEnabled":true},"in2DMode":false,"pivot":{"x":0.7699999809265137,"y":0.2500000596046448,"z":0.7899999618530273},"rotation":{"x":0.04515326768159866,"y":-0.6961483359336853,"z":0.043878912925720218,"w":0.7152013778686523},"size":0.8053244948387146,"orthographic":true}